# indirect dispatch edges (curated + agent-recovered). 7 cols, headerless data rows:
# src_va,dst_va,edge_type,confidence,root_hint,evidence,provenance
0x007491e0,0x0070d080,MENU_DISPATCH,PROVEN,UI,decompile 0x007491e0:L376 iVar12=FUN_0070d080(param_1) chained sub-dispatcher,"0x007491e0 menu-id cascade -> unconditional call FUN_0070d080 (secondary dispatcher, result returned if nonzero)"
0x007491e0,0x00700f20,MENU_DISPATCH,PROVEN,UI,"decompile 0x007491e0:L710 if(id==0x418) FUN_00700f20(club,...)",0x007491e0 cmd 0x418 (Latest Scores) -> FUN_00700f20
0x007491e0,0x00693410,MENU_DISPATCH,PROVEN,UI,decompile 0x007491e0:L725 if(id==0x42e) FUN_00693410(),0x007491e0 cmd 0x42e -> FUN_00693410
0x007491e0,0x00695e60,MENU_DISPATCH,PROVEN,UI,decompile 0x007491e0:L738 if(id==0x41e) FUN_00695e60(),0x007491e0 cmd 0x41e -> FUN_00695e60
0x007491e0,0x0057b9c0,MENU_DISPATCH,PROVEN,UI,decompile 0x007491e0:L765 if(id==0x425) confirm-dialog FUN_0057b9c0 (response code 10),0x007491e0 cmd 0x425 (Control club confirm) -> FUN_0057b9c0
0x007491e0,0x005e6fc0,MENU_DISPATCH,STRONG,UI,decompile 0x007491e0:L753 if(id==0x425) FUN_005e6fc0(0),0x007491e0 cmd 0x425 control-club precheck -> FUN_005e6fc0
0x007491e0,0x005e71f0,MENU_DISPATCH,STRONG,UI,"decompile 0x007491e0:L780 if(id==0x433) FUN_005e71f0(0,0)",0x007491e0 cmd 0x433 control-nation precheck -> FUN_005e71f0
0x007491e0,0x006809d0,MENU_DISPATCH,PROVEN,UI,"decompile 0x007491e0:L804,L1436 if(id==0x41d) uVar5=club+0x24; FUN_006809d0(uVar5)",0x007491e0 cmd 0x41d -> FUN_006809d0 (person/office screen for nation staff at club+0x24)
0x007491e0,0x00698140,MENU_DISPATCH,PROVEN,UI,decompile 0x007491e0:L819 if(id==0x3f2) FUN_00698140(),0x007491e0 cmd 0x3f2 -> FUN_00698140
0x007491e0,0x006977b0,MENU_DISPATCH,PROVEN,UI,decompile 0x007491e0:L844 if(id==0x420) FUN_006977b0(club+0x24),0x007491e0 cmd 0x420 -> FUN_006977b0 (nation)
0x007491e0,0x00859600,MENU_DISPATCH,PROVEN,UI,"decompile 0x007491e0:L876 if(id==0x434 && both FUN_007dfac0) FUN_00859600(club,1,1,1,0)",0x007491e0 cmd 0x434 -> FUN_00859600
0x007491e0,0x00877170,MENU_DISPATCH,PROVEN,UI,decompile 0x007491e0:L879 if(id==0x434 else) FUN_00877170(club),0x007491e0 cmd 0x434 (else branch) -> FUN_00877170
0x007491e0,0x0076ffb0,MENU_DISPATCH,PROVEN,UI,"decompile 0x007491e0:L893 if(id==0x3e9) FUN_0076ffb0(club,0)",0x007491e0 cmd 0x3e9 -> FUN_0076ffb0
0x007491e0,0x007f0020,MENU_DISPATCH,PROVEN,UI,decompile 0x007491e0:L907 if(id==0x3eb) FUN_007f0020(0xffffffff),0x007491e0 cmd 0x3eb -> FUN_007f0020
0x007491e0,0x008e3700,MENU_DISPATCH,PROVEN,UI,decompile 0x007491e0:L921 if(id==0x415) FUN_008e3700(),0x007491e0 cmd 0x415 -> FUN_008e3700
0x007491e0,0x00859250,MENU_DISPATCH,PROVEN,UI,"decompile 0x007491e0:L935 if(id==0x3ec) FUN_00859250(club,5,1,0,0)","0x007491e0 cmd 0x3ec -> FUN_00859250 (shared screen builder mode 5,1)"
0x007491e0,0x006986a0,MENU_DISPATCH,PROVEN,UI,decompile 0x007491e0:L949 if(id==0x3ef) FUN_006986a0(),0x007491e0 cmd 0x3ef -> FUN_006986a0
0x007491e0,0x00771810,MENU_DISPATCH,PROVEN,UI,"decompile 0x007491e0:L1004,L1007 if(id==0x414) FUN_00771810(arg,0)",0x007491e0 cmd 0x414 -> FUN_00771810
0x007491e0,0x004a2190,MENU_DISPATCH,PROVEN,UI,decompile 0x007491e0:L1022 if(id==0x3f3) FUN_004a2190(),0x007491e0 cmd 0x3f3 -> FUN_004a2190
0x007491e0,0x004a28c0,MENU_DISPATCH,PROVEN,UI,decompile 0x007491e0:L1036 if(id==0x40c) FUN_004a28c0(),0x007491e0 cmd 0x40c -> FUN_004a28c0
0x007491e0,0x0058a550,MENU_DISPATCH,PROVEN,UI,"decompile 0x007491e0:L1057 if(id==0x3f4) FUN_0058a550(1,arg,FUN_00652ca0)",0x007491e0 cmd 0x3f4 -> FUN_0058a550 mode 1
0x007491e0,0x0058cde0,MENU_DISPATCH,PROVEN,UI,"decompile 0x007491e0:L1177,L1180 if(id==0x3fa) FUN_0058cde0(arg)",0x007491e0 cmd 0x3fa -> FUN_0058cde0
0x007491e0,0x005dc5e0,MENU_DISPATCH,PROVEN,UI,decompile 0x007491e0:L1195 if(id==0x429) FUN_005dc5e0(1),0x007491e0 cmd 0x429 -> FUN_005dc5e0
0x007491e0,0x00454bb0,MENU_DISPATCH,STRONG,UI,"decompile 0x007491e0:L1224 if(id==0x3fd) FUN_00454bb0(club,...) resume-from-holiday action",0x007491e0 cmd 0x3fd -> FUN_00454bb0
0x007491e0,0x005792a0,MENU_DISPATCH,PROVEN,UI,decompile 0x007491e0:L1274 if(id==0x3fe) save-game filename dialog FUN_005792a0,0x007491e0 cmd 0x3fe (Save Game) -> FUN_005792a0
0x007491e0,0x00809ad0,MENU_DISPATCH,PROVEN,UI,decompile 0x007491e0:L1292 if(id==0x3fb && no club) FUN_00809ad0(),0x007491e0 cmd 0x3fb -> FUN_00809ad0
0x007491e0,0x007e7790,MENU_DISPATCH,PROVEN,UI,"decompile 0x007491e0:L1289 if(id==0x3fb && club) FUN_007e7790(&LAB_00822220,&LAB_008223a0,0)",0x007491e0 cmd 0x3fb (club present) -> FUN_007e7790
0x007491e0,0x00808a70,MENU_DISPATCH,PROVEN,UI,decompile 0x007491e0:L1306 if(id==0x3fc) FUN_00808a70(),0x007491e0 cmd 0x3fc -> FUN_00808a70
0x007491e0,0x007e6570,MENU_DISPATCH,PROVEN,UI,"decompile 0x007491e0:L1320 if(id==0x421) FUN_007e6570(&LAB_0074d060,&LAB_0074d400,0,0,0)",0x007491e0 cmd 0x421 (chat) -> FUN_007e6570
0x007491e0,0x007e7130,MENU_DISPATCH,PROVEN,UI,"decompile 0x007491e0:L1324 if(id==0x421) FUN_007e7130(0,0,0)",0x007491e0 cmd 0x421 -> FUN_007e7130
0x007491e0,0x008053d0,MENU_DISPATCH,PROVEN,UI,decompile 0x007491e0:L1338 if(id==0x431) FUN_008053d0(),0x007491e0 cmd 0x431 -> FUN_008053d0
0x007491e0,0x0080fac0,MENU_DISPATCH,PROVEN,UI,decompile 0x007491e0:L1352 if(id==0x42a) FUN_0080fac0(),0x007491e0 cmd 0x42a -> FUN_0080fac0
0x007491e0,0x004ec550,MENU_DISPATCH,PROVEN,UI,decompile 0x007491e0:L1369 if(id==0x42b) FUN_004ec550(),0x007491e0 cmd 0x42b -> FUN_004ec550
0x007491e0,0x004fd1b0,MENU_DISPATCH,PROVEN,UI,decompile 0x007491e0:L1383 if(id==0x42c) FUN_004fd1b0(),0x007491e0 cmd 0x42c -> FUN_004fd1b0
0x007491e0,0x0074d060,REGISTERED_CALLBACK,POSSIBLE,UI,decompile 0x007491e0:L1320 &LAB_0074d060 passed to FUN_007e6570 as callback ptr,0x007491e0 cmd 0x421 -> chat-window builder callback LAB_0074d060 (invoked inside FUN_007e6570)
0x007491e0,0x0074d400,REGISTERED_CALLBACK,POSSIBLE,UI,decompile 0x007491e0:L1320 &LAB_0074d400 passed to FUN_007e6570 as callback ptr,0x007491e0 cmd 0x421 -> chat-window callback LAB_0074d400 (invoked inside FUN_007e6570)
0x0074bf60,0x007eb990,MENU_DISPATCH,PROVEN,UI,decompile 0x0074bf60:L31 if(id==0x426) FUN_007eb990(),0x0074bf60 cmd 0x426 -> FUN_007eb990
0x0074bf60,0x00493e10,MENU_DISPATCH,PROVEN,UI,"decompile 0x0074bf60:L51 if(id==2000/0x7d0) FUN_00493e10(playerptr,-2,-2,0)",0x0074bf60 cmd 0x7d0 (player) -> FUN_00493e10
0x0074bf60,0x0046ba80,MENU_DISPATCH,PROVEN,UI,"decompile 0x0074bf60:L130,L133 if(id==0x7e6) FUN_0046ba80(arg,0,1)",0x0074bf60 cmd 0x7e6 -> FUN_0046ba80
0x0074bf60,0x00476df0,MENU_DISPATCH,PROVEN,UI,"decompile 0x0074bf60:L148,L151 if(id==0x7d1) FUN_00476df0(arg,0)",0x0074bf60 cmd 0x7d1 -> FUN_00476df0
0x0074bf60,0x007116b0,MENU_DISPATCH,PROVEN,UI,"decompile 0x0074bf60:L173 if(id==0x7d3) FUN_007116b0(arg,local_50)",0x0074bf60 cmd 0x7d3 -> FUN_007116b0
0x0074bf60,0x00701240,MENU_DISPATCH,PROVEN,UI,decompile 0x0074bf60:L177 if(id==0x7d3) FUN_00701240(arg),0x0074bf60 cmd 0x7d3 -> FUN_00701240
0x0074bf60,0x00454620,MENU_DISPATCH,PROVEN,UI,"decompile 0x0074bf60:L200 if(id==0x7d5) FUN_00454620(arg,0,0,0,0)",0x0074bf60 cmd 0x7d5 -> FUN_00454620
0x0074bf60,0x00415010,MENU_DISPATCH,PROVEN,UI,"decompile 0x0074bf60:L233,L236 if(id==0x7d4) FUN_00415010(arg)",0x0074bf60 cmd 0x7d4 -> FUN_00415010
0x0074bf60,0x00859250,MENU_DISPATCH,PROVEN,UI,"decompile 0x0074bf60:L250,L253 if(id==0x7d7) FUN_00859250(arg,1,1,0,0)","0x0074bf60 cmd 0x7d7 -> FUN_00859250 mode 1,1,0"
0x0074bf60,0x005e7dd0,MENU_DISPATCH,PROVEN,UI,"decompile 0x0074bf60:L352 if(FUN_0046a6a0==0x7d2) FUN_005e7dd0(uVar6,0)",0x0074bf60 cmd 0x7d2 -> FUN_005e7dd0
0x0074bf60,0x005e8040,MENU_DISPATCH,PROVEN,UI,"decompile 0x0074bf60:L356 if(cmd==0x7d2) FUN_005e8040(uVar6,0)",0x0074bf60 cmd 0x7d2 -> FUN_005e8040
0x0074bf60,0x007f0020,MENU_DISPATCH,PROVEN,UI,decompile 0x0074bf60:L366 if(FUN_0046a6a0==0x7e4) FUN_007f0020(FUN_0046a6f0),0x0074bf60 cmd 0x7e4 -> FUN_007f0020
0x005b6f10,0x00509570,COMPETITION_DISPATCH,PROVEN,COMPETITION,"decompile 0x005b6f10:L259-267 loop over DAT_00ac688c[i] calls (**(*comp+0x14))(&DAT_00acde90,0); also L324-333 with arg 1; base/inherited comp vtable slot +0x14 = 0x009573cc -> 0x00509570",0x005b6f10 daily-tick loops comp array DAT_00ac688c -> vtable+0x14 per-comp date tick -> 0x00509570
0x00509570,0x0061d290,VTABLE,PROVEN,COMPETITION,decompile 0x00509570:L48 (**(code**)(*param_1+0x28))(); comp base vtable slot +0x28 = 0x009573e0 -> 0x0061d290 (advance/next-round when rounds remain),per-comp tick 0x00509570 -> own vtable+0x28 round-progression -> 0x0061d290
0x00509570,0x00509570,SCHEDULER_CALLBACK,POSSIBLE,COMPETITION,"decompile 0x00509570:L73 (**(code**)(*(param_1[3]+i*4)+0x14))(&DAT_00acde90,param_3) recurses into child round/group objects; child assumed same base class so +0x14=0x00509570",per-comp tick recurses over sub-competition objects param_1[3] via child vtable+0x14
0x00509570,0x0050ba60,VTABLE,POSSIBLE,COMPETITION,"decompile 0x00509570:L40 (**(code**)(*(param_1[3]+i*4)+0x10))(0,1) child vtable+0x10; base slot +0x10 (0x009573c8) -> 0x0050ba60",per-comp tick -> child sub-comp vtable+0x10 -> 0x0050ba60
0x00558c80,0x00558f60,VTABLE,PROVEN,COMPETITION,decompile 0x00558c80:L23 stores vtable PTR_FUN_00957b20; L49 (**(code**)(*param_1+0x3c))(...); slot +0x3c = 0x00957b5c -> 0x00558f60 (FA Cup builds 9 rounds+dates+prize money),eng_fa_cup ctor 0x00558c80 -> vtable 0x00957b20 slot+0x3c 0x00957b5c -> draw builder 0x00558f60
0x00555e80,0x00556150,VTABLE,PROVEN,COMPETITION,decompile 0x00555e80:L23 stores vtable PTR_FUN_0095792c; L47 (**(code**)(*param_1+0x3c))(...); slot +0x3c = 0x00957968 -> 0x00556150,eng_cc_cup ctor 0x00555e80 -> vtable 0x0095792c slot+0x3c 0x00957968 -> draw builder 0x00556150
0x00554600,0x005549b0,VTABLE,PROVEN,COMPETITION,decompile 0x00554600:L23 stores vtable PTR_FUN_0095788c; L64 (**(code**)(*param_1+0x3c))(...); slot +0x3c = 0x009578c8 -> 0x005549b0,eng_auto_cup ctor 0x00554600 -> vtable 0x0095788c slot+0x3c 0x009578c8 -> draw builder 0x005549b0
0x0055a8f0,0x0055abb0,VTABLE,PROVEN,COMPETITION,decompile 0x0055a8f0:L24 stores vtable PTR_FUN_00957bc0; L45 (**(code**)(*param_1+0x3c))(...); slot +0x3c = 0x00957bfc -> 0x0055abb0,eng_fa_trophy ctor 0x0055a8f0 -> vtable 0x00957bc0 slot+0x3c 0x00957bfc -> draw builder 0x0055abb0
0x0074d830,0x0074dbb0,VTABLE,PROVEN,COMPETITION,decompile 0x0074d830:L30 stores vtable PTR_FUN_0095b57c; L73 (**(code**)(*param_1+0x3c))(...); slot +0x3c = 0x0095b5b8 -> 0x0074dbb0,mini_cup ctor 0x0074d830 (called from friendly.cpp 0x005afaf0) -> vtable 0x0095b57c slot+0x3c 0x0095b5b8 -> draw builder 0x0074dbb0
0x007e5bd0,0x004150e0,REGISTERED_CALLBACK,STRONG,UI,store 0x007e6570:L118 rec[+0]=arg1; call 0x007e5bd0:L126 (*(code*)**rec)(),reg 0x00415010->FUN_007e6570 arg1 -> scrman rec slot+0 -> invoked by scrman-loop 0x007e5bd0:126
0x007e5bd0,0x00417870,REGISTERED_CALLBACK,STRONG,UI,store 0x007e6570:L118 rec[+0]=arg1; call 0x007e5bd0:L126 (*(code*)**rec)(),reg 0x00417780->FUN_007e6570 arg1 -> scrman rec slot+0 -> invoked by scrman-loop 0x007e5bd0:126
0x007e5bd0,0x00425ed0,REGISTERED_CALLBACK,STRONG,UI,store 0x007e6570:L118 rec[+0]=arg1; call 0x007e5bd0:L126 (*(code*)**rec)(),reg 0x00425e70->FUN_007e6570 arg1 -> scrman rec slot+0 -> invoked by scrman-loop 0x007e5bd0:126
0x007e5bd0,0x004551c0,REGISTERED_CALLBACK,STRONG,UI,store 0x007e6570:L118 rec[+0]=arg1; call 0x007e5bd0:L126 (*(code*)**rec)(),reg 0x00454620->FUN_007e6570 arg1 -> scrman rec slot+0 -> invoked by scrman-loop 0x007e5bd0:126
0x007e5bd0,0x0046bdf0,REGISTERED_CALLBACK,STRONG,UI,store 0x007e6570:L118 rec[+0]=arg1; call 0x007e5bd0:L126 (*(code*)**rec)(),reg 0x0046ba80->FUN_007e6570 arg1 -> scrman rec slot+0 -> invoked by scrman-loop 0x007e5bd0:126
0x007e5bd0,0x00470d60,REGISTERED_CALLBACK,STRONG,UI,store 0x007e6570:L118 rec[+0]=arg1; call 0x007e5bd0:L126 (*(code*)**rec)(),reg 0x00470bf0->FUN_007e6570 arg1 -> scrman rec slot+0 -> invoked by scrman-loop 0x007e5bd0:126
0x007e5bd0,0x00472e00,REGISTERED_CALLBACK,STRONG,UI,store 0x007e6570:L118 rec[+0]=arg1; call 0x007e5bd0:L126 (*(code*)**rec)(),reg 0x00472bf0->FUN_007e6570 arg1 -> scrman rec slot+0 -> invoked by scrman-loop 0x007e5bd0:126
0x007e5bd0,0x00474760,REGISTERED_CALLBACK,STRONG,UI,store 0x007e6570:L118 rec[+0]=arg1; call 0x007e5bd0:L126 (*(code*)**rec)(),reg 0x0046ad30->FUN_007e6570 arg1 -> scrman rec slot+0 -> invoked by scrman-loop 0x007e5bd0:126
0x007e5bd0,0x004751b0,REGISTERED_CALLBACK,STRONG,UI,store 0x007e6570:L118 rec[+0]=arg1; call 0x007e5bd0:L126 (*(code*)**rec)(),reg 0x0046ad30->FUN_007e6570 arg1 -> scrman rec slot+0 -> invoked by scrman-loop 0x007e5bd0:126
0x007e5bd0,0x00475970,REGISTERED_CALLBACK,STRONG,UI,store 0x007e6570:L118 rec[+0]=arg1; call 0x007e5bd0:L126 (*(code*)**rec)(),reg 0x00475870->FUN_007e6570 arg1 -> scrman rec slot+0 -> invoked by scrman-loop 0x007e5bd0:126
0x007e5bd0,0x00476ef0,REGISTERED_CALLBACK,STRONG,UI,store 0x007e6570:L118 rec[+0]=arg1; call 0x007e5bd0:L126 (*(code*)**rec)(),reg 0x00476df0->FUN_007e6570 arg1 -> scrman rec slot+0 -> invoked by scrman-loop 0x007e5bd0:126
0x007e5bd0,0x00477860,REGISTERED_CALLBACK,STRONG,UI,store 0x007e6570:L118 rec[+0]=arg1; call 0x007e5bd0:L126 (*(code*)**rec)(),reg 0x004776a0->FUN_007e6570 arg1 -> scrman rec slot+0 -> invoked by scrman-loop 0x007e5bd0:126
0x007e5bd0,0x00477f50,REGISTERED_CALLBACK,STRONG,UI,store 0x007e6570:L118 rec[+0]=arg1; call 0x007e5bd0:L126 (*(code*)**rec)(),reg 0x00477dd0->FUN_007e6570 arg1 -> scrman rec slot+0 -> invoked by scrman-loop 0x007e5bd0:126
0x007e5bd0,0x00478ca0,REGISTERED_CALLBACK,STRONG,UI,store 0x007e6570:L118 rec[+0]=arg1; call 0x007e5bd0:L126 (*(code*)**rec)(),reg 0x00478580->FUN_007e6570 arg1 -> scrman rec slot+0 -> invoked by scrman-loop 0x007e5bd0:126
0x007e5bd0,0x00480200,REGISTERED_CALLBACK,STRONG,UI,store 0x007e6570:L118 rec[+0]=arg1; call 0x007e5bd0:L126 (*(code*)**rec)(),reg 0x00480130->FUN_007e6570 arg1 -> scrman rec slot+0 -> invoked by scrman-loop 0x007e5bd0:126
0x007e5bd0,0x00490530,REGISTERED_CALLBACK,STRONG,UI,store 0x007e6570:L118 rec[+0]=arg1; call 0x007e5bd0:L126 (*(code*)**rec)(),reg 0x00490410->FUN_007e6570 arg1 -> scrman rec slot+0 -> invoked by scrman-loop 0x007e5bd0:126
0x007e5bd0,0x00494640,REGISTERED_CALLBACK,STRONG,UI,store 0x007e6570:L118 rec[+0]=arg1; call 0x007e5bd0:L126 (*(code*)**rec)(),reg 0x00493e10->FUN_007e6570 arg1 -> scrman rec slot+0 -> invoked by scrman-loop 0x007e5bd0:126
0x007e5bd0,0x0049e380,REGISTERED_CALLBACK,STRONG,UI,store 0x007e6570:L118 rec[+0]=arg1; call 0x007e5bd0:L126 (*(code*)**rec)(),reg 0x0049e0d0->FUN_007e6570 arg1 -> scrman rec slot+0 -> invoked by scrman-loop 0x007e5bd0:126
0x007e5bd0,0x004a1950,REGISTERED_CALLBACK,STRONG,UI,store 0x007e6570:L118 rec[+0]=arg1; call 0x007e5bd0:L126 (*(code*)**rec)(),reg 0x0049c9a0->FUN_007e6570 arg1 -> scrman rec slot+0 -> invoked by scrman-loop 0x007e5bd0:126
0x007e5bd0,0x004e2c70,REGISTERED_CALLBACK,STRONG,UI,store 0x007e6570:L118 rec[+0]=arg1; call 0x007e5bd0:L126 (*(code*)**rec)(),reg 0x004e2b80->FUN_007e6570 arg1 -> scrman rec slot+0 -> invoked by scrman-loop 0x007e5bd0:126
0x007e5bd0,0x004e38d0,REGISTERED_CALLBACK,STRONG,UI,store 0x007e6570:L118 rec[+0]=arg1; call 0x007e5bd0:L126 (*(code*)**rec)(),reg 0x004e3300->FUN_007e6570 arg1 -> scrman rec slot+0 -> invoked by scrman-loop 0x007e5bd0:126
0x007e5bd0,0x004e4e50,REGISTERED_CALLBACK,STRONG,UI,store 0x007e6570:L118 rec[+0]=arg1; call 0x007e5bd0:L126 (*(code*)**rec)(),reg 0x004e4580->FUN_007e6570 arg1 -> scrman rec slot+0 -> invoked by scrman-loop 0x007e5bd0:126
0x007e5bd0,0x004eb330,REGISTERED_CALLBACK,STRONG,UI,store 0x007e6570:L118 rec[+0]=arg1; call 0x007e5bd0:L126 (*(code*)**rec)(),reg 0x004eb240->FUN_007e6570 arg1 -> scrman rec slot+0 -> invoked by scrman-loop 0x007e5bd0:126
0x007e5bd0,0x004ebfa0,REGISTERED_CALLBACK,STRONG,UI,store 0x007e6570:L118 rec[+0]=arg1; call 0x007e5bd0:L126 (*(code*)**rec)(),reg 0x004ebf60->FUN_007e6570 arg1 -> scrman rec slot+0 -> invoked by scrman-loop 0x007e5bd0:126
0x007e5bd0,0x004ec590,REGISTERED_CALLBACK,STRONG,UI,store 0x007e6570:L118 rec[+0]=arg1; call 0x007e5bd0:L126 (*(code*)**rec)(),reg 0x004ec550->FUN_007e6570 arg1 -> scrman rec slot+0 -> invoked by scrman-loop 0x007e5bd0:126
0x007e5bd0,0x004fd1f0,REGISTERED_CALLBACK,STRONG,UI,store 0x007e6570:L118 rec[+0]=arg1; call 0x007e5bd0:L126 (*(code*)**rec)(),reg 0x004fd1b0->FUN_007e6570 arg1 -> scrman rec slot+0 -> invoked by scrman-loop 0x007e5bd0:126
0x007e5bd0,0x00548560,REGISTERED_CALLBACK,STRONG,UI,store 0x007e6570:L118 rec[+0]=arg1; call 0x007e5bd0:L126 (*(code*)**rec)(),reg 0x00548170->FUN_007e6570 arg1 -> scrman rec slot+0 -> invoked by scrman-loop 0x007e5bd0:126
0x007e5bd0,0x005749c0,REGISTERED_CALLBACK,STRONG,UI,store 0x007e6570:L118 rec[+0]=arg1; call 0x007e5bd0:L126 (*(code*)**rec)(),reg 0x00574960->FUN_007e6570 arg1 -> scrman rec slot+0 -> invoked by scrman-loop 0x007e5bd0:126
0x007e5bd0,0x00579560,REGISTERED_CALLBACK,STRONG,UI,store 0x007e6570:L118 rec[+0]=arg1; call 0x007e5bd0:L126 (*(code*)**rec)(),reg 0x005792a0->FUN_007e6570 arg1 -> scrman rec slot+0 -> invoked by scrman-loop 0x007e5bd0:126
0x007e5bd0,0x0057bcf0,REGISTERED_CALLBACK,STRONG,UI,store 0x007e6570:L118 rec[+0]=arg1; call 0x007e5bd0:L126 (*(code*)**rec)(),reg 0x0057b9c0->FUN_007e6570 arg1 -> scrman rec slot+0 -> invoked by scrman-loop 0x007e5bd0:126
0x007e5bd0,0x0058a740,REGISTERED_CALLBACK,STRONG,UI,store 0x007e6570:L118 rec[+0]=arg1; call 0x007e5bd0:L126 (*(code*)**rec)(),reg 0x0058a550->FUN_007e6570 arg1 -> scrman rec slot+0 -> invoked by scrman-loop 0x007e5bd0:126
0x007e5bd0,0x0058d000,REGISTERED_CALLBACK,STRONG,UI,store 0x007e6570:L118 rec[+0]=arg1; call 0x007e5bd0:L126 (*(code*)**rec)(),reg 0x0058cde0->FUN_007e6570 arg1 -> scrman rec slot+0 -> invoked by scrman-loop 0x007e5bd0:126
0x007e5bd0,0x00592940,REGISTERED_CALLBACK,STRONG,UI,store 0x007e6570:L118 rec[+0]=arg1; call 0x007e5bd0:L126 (*(code*)**rec)(),reg 0x005928e0->FUN_007e6570 arg1 -> scrman rec slot+0 -> invoked by scrman-loop 0x007e5bd0:126
0x007e5bd0,0x005dad10,REGISTERED_CALLBACK,STRONG,UI,store 0x007e6570:L118 rec[+0]=arg1; call 0x007e5bd0:L126 (*(code*)**rec)(),reg 0x005dab70->FUN_007e6570 arg1 -> scrman rec slot+0 -> invoked by scrman-loop 0x007e5bd0:126
0x007e5bd0,0x005dc660,REGISTERED_CALLBACK,STRONG,UI,store 0x007e6570:L118 rec[+0]=arg1; call 0x007e5bd0:L126 (*(code*)**rec)(),reg 0x005dc5e0->FUN_007e6570 arg1 -> scrman rec slot+0 -> invoked by scrman-loop 0x007e5bd0:126
0x007e5bd0,0x00693510,REGISTERED_CALLBACK,STRONG,UI,store 0x007e6570:L118 rec[+0]=arg1; call 0x007e5bd0:L126 (*(code*)**rec)(),reg 0x00693410->FUN_007e6570 arg1 -> scrman rec slot+0 -> invoked by scrman-loop 0x007e5bd0:126
0x007e5bd0,0x00697440,REGISTERED_CALLBACK,STRONG,UI,store 0x007e6570:L118 rec[+0]=arg1; call 0x007e5bd0:L126 (*(code*)**rec)(),reg 0x00697390->FUN_007e6570 arg1 -> scrman rec slot+0 -> invoked by scrman-loop 0x007e5bd0:126
0x007e5bd0,0x00697860,REGISTERED_CALLBACK,STRONG,UI,store 0x007e6570:L118 rec[+0]=arg1; call 0x007e5bd0:L126 (*(code*)**rec)(),reg 0x006977b0->FUN_007e6570 arg1 -> scrman rec slot+0 -> invoked by scrman-loop 0x007e5bd0:126
0x007e5bd0,0x00697dc0,REGISTERED_CALLBACK,STRONG,UI,store 0x007e6570:L118 rec[+0]=arg1; call 0x007e5bd0:L126 (*(code*)**rec)(),reg 0x00697c30->FUN_007e6570 arg1 -> scrman rec slot+0 -> invoked by scrman-loop 0x007e5bd0:126
0x007e5bd0,0x00698160,REGISTERED_CALLBACK,STRONG,UI,store 0x007e6570:L118 rec[+0]=arg1; call 0x007e5bd0:L126 (*(code*)**rec)(),reg 0x00698140->FUN_007e6570 arg1 -> scrman rec slot+0 -> invoked by scrman-loop 0x007e5bd0:126
0x007e5bd0,0x006986c0,REGISTERED_CALLBACK,STRONG,UI,store 0x007e6570:L118 rec[+0]=arg1; call 0x007e5bd0:L126 (*(code*)**rec)(),reg 0x006986a0->FUN_007e6570 arg1 -> scrman rec slot+0 -> invoked by scrman-loop 0x007e5bd0:126
0x007e5bd0,0x007013d0,REGISTERED_CALLBACK,STRONG,UI,store 0x007e6570:L118 rec[+0]=arg1; call 0x007e5bd0:L126 (*(code*)**rec)(),reg 0x00701240->FUN_007e6570 arg1 -> scrman rec slot+0 -> invoked by scrman-loop 0x007e5bd0:126
0x007e5bd0,0x0070d4d0,REGISTERED_CALLBACK,STRONG,UI,store 0x007e6570:L118 rec[+0]=arg1; call 0x007e5bd0:L126 (*(code*)**rec)(),reg 0x0070d350->FUN_007e6570 arg1 -> scrman rec slot+0 -> invoked by scrman-loop 0x007e5bd0:126
0x007e5bd0,0x00729c20,REGISTERED_CALLBACK,STRONG,UI,store 0x007e6570:L118 rec[+0]=arg1; call 0x007e5bd0:L126 (*(code*)**rec)(),reg 0x007297b0->FUN_007e6570 arg1 -> scrman rec slot+0 -> invoked by scrman-loop 0x007e5bd0:126
0x007e5bd0,0x0074d060,REGISTERED_CALLBACK,STRONG,UI,store 0x007e6570:L118 rec[+0]=arg1; call 0x007e5bd0:L126 (*(code*)**rec)(),reg 0x007491e0->FUN_007e6570 arg1 -> scrman rec slot+0 -> invoked by scrman-loop 0x007e5bd0:126
0x007e5bd0,0x00760bd0,REGISTERED_CALLBACK,STRONG,UI,store 0x007e6570:L118 rec[+0]=arg1; call 0x007e5bd0:L126 (*(code*)**rec)(),reg 0x00760b60->FUN_007e6570 arg1 -> scrman rec slot+0 -> invoked by scrman-loop 0x007e5bd0:126
0x007e5bd0,0x007617b0,REGISTERED_CALLBACK,STRONG,UI,store 0x007e6570:L118 rec[+0]=arg1; call 0x007e5bd0:L126 (*(code*)**rec)(),reg 0x00761620->FUN_007e6570 arg1 -> scrman rec slot+0 -> invoked by scrman-loop 0x007e5bd0:126
0x007e5bd0,0x007637b0,REGISTERED_CALLBACK,STRONG,UI,store 0x007e6570:L118 rec[+0]=arg1; call 0x007e5bd0:L126 (*(code*)**rec)(),reg 0x00763660->FUN_007e6570 arg1 -> scrman rec slot+0 -> invoked by scrman-loop 0x007e5bd0:126
0x007e5bd0,0x007719b0,REGISTERED_CALLBACK,STRONG,UI,store 0x007e6570:L118 rec[+0]=arg1; call 0x007e5bd0:L126 (*(code*)**rec)(),reg 0x00771810->FUN_007e6570 arg1 -> scrman rec slot+0 -> invoked by scrman-loop 0x007e5bd0:126
0x007e5bd0,0x0077e360,REGISTERED_CALLBACK,STRONG,UI,store 0x007e6570:L118 rec[+0]=arg1; call 0x007e5bd0:L126 (*(code*)**rec)(),reg 0x0077e1d0->FUN_007e6570 arg1 -> scrman rec slot+0 -> invoked by scrman-loop 0x007e5bd0:126
0x007e5bd0,0x0078ade0,REGISTERED_CALLBACK,STRONG,UI,store 0x007e6570:L118 rec[+0]=arg1; call 0x007e5bd0:L126 (*(code*)**rec)(),reg 0x0078ad80->FUN_007e6570 arg1 -> scrman rec slot+0 -> invoked by scrman-loop 0x007e5bd0:126
0x007e5bd0,0x007cdc70,REGISTERED_CALLBACK,STRONG,UI,store 0x007e6570:L118 rec[+0]=arg1; call 0x007e5bd0:L126 (*(code*)**rec)(),reg 0x007cdb80->FUN_007e6570 arg1 -> scrman rec slot+0 -> invoked by scrman-loop 0x007e5bd0:126
0x007e5bd0,0x007f0170,REGISTERED_CALLBACK,STRONG,UI,store 0x007e6570:L118 rec[+0]=arg1; call 0x007e5bd0:L126 (*(code*)**rec)(),reg 0x007f0020->FUN_007e6570 arg1 -> scrman rec slot+0 -> invoked by scrman-loop 0x007e5bd0:126
0x007e5bd0,0x007fb050,REGISTERED_CALLBACK,STRONG,UI,store 0x007e6570:L118 rec[+0]=arg1; call 0x007e5bd0:L126 (*(code*)**rec)(),reg 0x007faec0->FUN_007e6570 arg1 -> scrman rec slot+0 -> invoked by scrman-loop 0x007e5bd0:126
0x007e5bd0,0x00808ae0,REGISTERED_CALLBACK,STRONG,UI,store 0x007e6570:L118 rec[+0]=arg1; call 0x007e5bd0:L126 (*(code*)**rec)(),reg 0x00808a70->FUN_007e6570 arg1 -> scrman rec slot+0 -> invoked by scrman-loop 0x007e5bd0:126
0x007e5bd0,0x00809cc0,REGISTERED_CALLBACK,STRONG,UI,store 0x007e6570:L118 rec[+0]=arg1; call 0x007e5bd0:L126 (*(code*)**rec)(),reg 0x00809ad0->FUN_007e6570 arg1 -> scrman rec slot+0 -> invoked by scrman-loop 0x007e5bd0:126
0x007e5bd0,0x0080bc10,REGISTERED_CALLBACK,STRONG,UI,store 0x007e6570:L118 rec[+0]=arg1; call 0x007e5bd0:L126 (*(code*)**rec)(),reg 0x0080bbd0->FUN_007e6570 arg1 -> scrman rec slot+0 -> invoked by scrman-loop 0x007e5bd0:126
0x007e5bd0,0x0080cce0,REGISTERED_CALLBACK,STRONG,UI,store 0x007e6570:L118 rec[+0]=arg1; call 0x007e5bd0:L126 (*(code*)**rec)(),reg 0x0080cc20->FUN_007e6570 arg1 -> scrman rec slot+0 -> invoked by scrman-loop 0x007e5bd0:126
0x007e5bd0,0x0080fb10,REGISTERED_CALLBACK,STRONG,UI,store 0x007e6570:L118 rec[+0]=arg1; call 0x007e5bd0:L126 (*(code*)**rec)(),reg 0x0080fac0->FUN_007e6570 arg1 -> scrman rec slot+0 -> invoked by scrman-loop 0x007e5bd0:126
0x007e5bd0,0x00810a00,REGISTERED_CALLBACK,STRONG,UI,store 0x007e6570:L118 rec[+0]=arg1; call 0x007e5bd0:L126 (*(code*)**rec)(),reg 0x008109c0->FUN_007e6570 arg1 -> scrman rec slot+0 -> invoked by scrman-loop 0x007e5bd0:126
0x007e5bd0,0x00810ce0,REGISTERED_CALLBACK,STRONG,UI,store 0x007e6570:L118 rec[+0]=arg1; call 0x007e5bd0:L126 (*(code*)**rec)(),reg 0x008053d0->FUN_007e6570 arg1 -> scrman rec slot+0 -> invoked by scrman-loop 0x007e5bd0:126
0x007e5bd0,0x008596b0,REGISTERED_CALLBACK,STRONG,UI,store 0x007e6570:L118 rec[+0]=arg1; call 0x007e5bd0:L126 (*(code*)**rec)(),reg 0x00859250->FUN_007e6570 arg1 -> scrman rec slot+0 -> invoked by scrman-loop 0x007e5bd0:126
0x007e5bd0,0x0085e580,REGISTERED_CALLBACK,STRONG,UI,store 0x007e6570:L118 rec[+0]=arg1; call 0x007e5bd0:L126 (*(code*)**rec)(),reg 0x00859600->FUN_007e6570 arg1 -> scrman rec slot+0 -> invoked by scrman-loop 0x007e5bd0:126
0x007e5bd0,0x00876820,REGISTERED_CALLBACK,STRONG,UI,store 0x007e6570:L118 rec[+0]=arg1; call 0x007e5bd0:L126 (*(code*)**rec)(),reg 0x00873040->FUN_007e6570 arg1 -> scrman rec slot+0 -> invoked by scrman-loop 0x007e5bd0:126
0x007e5bd0,0x00876d80,REGISTERED_CALLBACK,STRONG,UI,store 0x007e6570:L118 rec[+0]=arg1; call 0x007e5bd0:L126 (*(code*)**rec)(),reg 0x00873040->FUN_007e6570 arg1 -> scrman rec slot+0 -> invoked by scrman-loop 0x007e5bd0:126
0x007e5bd0,0x00877190,REGISTERED_CALLBACK,STRONG,UI,store 0x007e6570:L118 rec[+0]=arg1; call 0x007e5bd0:L126 (*(code*)**rec)(),reg 0x00873040->FUN_007e6570 arg1 -> scrman rec slot+0 -> invoked by scrman-loop 0x007e5bd0:126
0x007e5bd0,0x0088def0,REGISTERED_CALLBACK,STRONG,UI,store 0x007e6570:L118 rec[+0]=arg1; call 0x007e5bd0:L126 (*(code*)**rec)(),reg 0x0088a850->FUN_007e6570 arg1 -> scrman rec slot+0 -> invoked by scrman-loop 0x007e5bd0:126
0x007e5bd0,0x00890e50,REGISTERED_CALLBACK,STRONG,UI,store 0x007e6570:L118 rec[+0]=arg1; call 0x007e5bd0:L126 (*(code*)**rec)(),reg 0x0088a850->FUN_007e6570 arg1 -> scrman rec slot+0 -> invoked by scrman-loop 0x007e5bd0:126
0x007e5bd0,0x008a2180,REGISTERED_CALLBACK,STRONG,UI,store 0x007e6570:L118 rec[+0]=arg1; call 0x007e5bd0:L126 (*(code*)**rec)(),reg 0x008a20a0->FUN_007e6570 arg1 -> scrman rec slot+0 -> invoked by scrman-loop 0x007e5bd0:126
0x007e5bd0,0x008a6580,REGISTERED_CALLBACK,STRONG,UI,store 0x007e6570:L118 rec[+0]=arg1; call 0x007e5bd0:L126 (*(code*)**rec)(),reg 0x008a6420->FUN_007e6570 arg1 -> scrman rec slot+0 -> invoked by scrman-loop 0x007e5bd0:126
0x007e5bd0,0x008d6720,REGISTERED_CALLBACK,STRONG,UI,store 0x007e6570:L118 rec[+0]=arg1; call 0x007e5bd0:L126 (*(code*)**rec)(),reg 0x008d6310->FUN_007e6570 arg1 -> scrman rec slot+0 -> invoked by scrman-loop 0x007e5bd0:126
0x007e5bd0,0x008dd030,REGISTERED_CALLBACK,STRONG,UI,store 0x007e6570:L118 rec[+0]=arg1; call 0x007e5bd0:L126 (*(code*)**rec)(),reg 0x008da210->FUN_007e6570 arg1 -> scrman rec slot+0 -> invoked by scrman-loop 0x007e5bd0:126
0x007e5bd0,0x008ddc90,REGISTERED_CALLBACK,STRONG,UI,store 0x007e6570:L118 rec[+0]=arg1; call 0x007e5bd0:L126 (*(code*)**rec)(),reg 0x008da210->FUN_007e6570 arg1 -> scrman rec slot+0 -> invoked by scrman-loop 0x007e5bd0:126
0x007e5bd0,0x008dec60,REGISTERED_CALLBACK,STRONG,UI,store 0x007e6570:L118 rec[+0]=arg1; call 0x007e5bd0:L126 (*(code*)**rec)(),reg 0x008da210->FUN_007e6570 arg1 -> scrman rec slot+0 -> invoked by scrman-loop 0x007e5bd0:126
0x007e5bd0,0x008df0c0,REGISTERED_CALLBACK,STRONG,UI,store 0x007e6570:L118 rec[+0]=arg1; call 0x007e5bd0:L126 (*(code*)**rec)(),reg 0x008def70->FUN_007e6570 arg1 -> scrman rec slot+0 -> invoked by scrman-loop 0x007e5bd0:126
0x007e5bd0,0x008e01d0,REGISTERED_CALLBACK,STRONG,UI,store 0x007e6570:L118 rec[+0]=arg1; call 0x007e5bd0:L126 (*(code*)**rec)(),reg 0x008dfc20->FUN_007e6570 arg1 -> scrman rec slot+0 -> invoked by scrman-loop 0x007e5bd0:126
0x007e5bd0,0x008e0760,REGISTERED_CALLBACK,STRONG,UI,store 0x007e6570:L118 rec[+0]=arg1; call 0x007e5bd0:L126 (*(code*)**rec)(),reg 0x008da210->FUN_007e6570 arg1 -> scrman rec slot+0 -> invoked by scrman-loop 0x007e5bd0:126
0x007e5bd0,0x008e0bb0,REGISTERED_CALLBACK,STRONG,UI,store 0x007e6570:L118 rec[+0]=arg1; call 0x007e5bd0:L126 (*(code*)**rec)(),reg 0x008e0b60->FUN_007e6570 arg1 -> scrman rec slot+0 -> invoked by scrman-loop 0x007e5bd0:126
0x007e5bd0,0x008e1250,REGISTERED_CALLBACK,STRONG,UI,store 0x007e6570:L118 rec[+0]=arg1; call 0x007e5bd0:L126 (*(code*)**rec)(),reg 0x008e10c0->FUN_007e6570 arg1 -> scrman rec slot+0 -> invoked by scrman-loop 0x007e5bd0:126
0x007e5bd0,0x008e2750,REGISTERED_CALLBACK,STRONG,UI,store 0x007e6570:L118 rec[+0]=arg1; call 0x007e5bd0:L126 (*(code*)**rec)(),reg 0x008e26f0->FUN_007e6570 arg1 -> scrman rec slot+0 -> invoked by scrman-loop 0x007e5bd0:126
0x007e5bd0,0x008e2c60,REGISTERED_CALLBACK,STRONG,UI,store 0x007e6570:L118 rec[+0]=arg1; call 0x007e5bd0:L126 (*(code*)**rec)(),reg 0x008e26a0->FUN_007e6570 arg1 -> scrman rec slot+0 -> invoked by scrman-loop 0x007e5bd0:126
0x007e5bd0,0x008e3360,REGISTERED_CALLBACK,STRONG,UI,store 0x007e6570:L118 rec[+0]=arg1; call 0x007e5bd0:L126 (*(code*)**rec)(),reg 0x008e3320->FUN_007e6570 arg1 -> scrman rec slot+0 -> invoked by scrman-loop 0x007e5bd0:126
0x007e5bd0,0x008e37e0,REGISTERED_CALLBACK,STRONG,UI,store 0x007e6570:L118 rec[+0]=arg1; call 0x007e5bd0:L126 (*(code*)**rec)(),reg 0x008e3700->FUN_007e6570 arg1 -> scrman rec slot+0 -> invoked by scrman-loop 0x007e5bd0:126
0x007e5bd0,0x008e5380,REGISTERED_CALLBACK,STRONG,UI,store 0x007e6570:L118 rec[+0]=arg1; call 0x007e5bd0:L126 (*(code*)**rec)(),reg 0x008e50e0->FUN_007e6570 arg1 -> scrman rec slot+0 -> invoked by scrman-loop 0x007e5bd0:126
0x007e5bd0,0x008e6d10,REGISTERED_CALLBACK,STRONG,UI,store 0x007e6570:L118 rec[+0]=arg1; call 0x007e5bd0:L126 (*(code*)**rec)(),reg 0x008e6cc0->FUN_007e6570 arg1 -> scrman rec slot+0 -> invoked by scrman-loop 0x007e5bd0:126
0x007e5bd0,0x008e72b0,REGISTERED_CALLBACK,STRONG,UI,store 0x007e6570:L118 rec[+0]=arg1; call 0x007e5bd0:L126 (*(code*)**rec)(),reg 0x008e7270->FUN_007e6570 arg1 -> scrman rec slot+0 -> invoked by scrman-loop 0x007e5bd0:126
0x007e5bd0,0x008e7920,REGISTERED_CALLBACK,STRONG,UI,store 0x007e6570:L118 rec[+0]=arg1; call 0x007e5bd0:L126 (*(code*)**rec)(),reg 0x008e78d0->FUN_007e6570 arg1 -> scrman rec slot+0 -> invoked by scrman-loop 0x007e5bd0:126
0x007e5bd0,0x008e8920,REGISTERED_CALLBACK,STRONG,UI,store 0x007e6570:L118 rec[+0]=arg1; call 0x007e5bd0:L126 (*(code*)**rec)(),reg 0x008dfdf0->FUN_007e6570 arg1 -> scrman rec slot+0 -> invoked by scrman-loop 0x007e5bd0:126
0x007e5bd0,0x008ea820,REGISTERED_CALLBACK,STRONG,UI,store 0x007e6570:L118 rec[+0]=arg1; call 0x007e5bd0:L126 (*(code*)**rec)(),reg 0x008ea760->FUN_007e6570 arg1 -> scrman rec slot+0 -> invoked by scrman-loop 0x007e5bd0:126
0x007e5bd0,0x008eb020,REGISTERED_CALLBACK,STRONG,UI,store 0x007e6570:L118 rec[+0]=arg1; call 0x007e5bd0:L126 (*(code*)**rec)(),reg 0x008eaef0->FUN_007e6570 arg1 -> scrman rec slot+0 -> invoked by scrman-loop 0x007e5bd0:126
0x007e5bd0,0x008f5970,REGISTERED_CALLBACK,STRONG,UI,store 0x007e6570:L118 rec[+0]=arg1; call 0x007e5bd0:L126 (*(code*)**rec)(),reg 0x008f5800->FUN_007e6570 arg1 -> scrman rec slot+0 -> invoked by scrman-loop 0x007e5bd0:126
0x007e5bd0,0x00417390,REGISTERED_CALLBACK,STRONG,UI,store 0x007e6570:L121 rec[+8]=arg2; call 0x007e5bd0:L135 (**(code**)(rec+8))(ev),reg 0x00415010->FUN_007e6570 arg2 -> scrman rec slot+8 -> invoked by scrman-loop 0x007e5bd0:135
0x007e5bd0,0x00417e40,REGISTERED_CALLBACK,STRONG,UI,store 0x007e6570:L121 rec[+8]=arg2; call 0x007e5bd0:L135 (**(code**)(rec+8))(ev),reg 0x00417780->FUN_007e6570 arg2 -> scrman rec slot+8 -> invoked by scrman-loop 0x007e5bd0:135
0x007e5bd0,0x00468d50,REGISTERED_CALLBACK,STRONG,UI,store 0x007e6570:L121 rec[+8]=arg2; call 0x007e5bd0:L135 (**(code**)(rec+8))(ev),reg 0x00454620->FUN_007e6570 arg2 -> scrman rec slot+8 -> invoked by scrman-loop 0x007e5bd0:135
0x007e5bd0,0x004729d0,REGISTERED_CALLBACK,STRONG,UI,store 0x007e6570:L121 rec[+8]=arg2; call 0x007e5bd0:L135 (**(code**)(rec+8))(ev),reg 0x00470bf0->FUN_007e6570 arg2 -> scrman rec slot+8 -> invoked by scrman-loop 0x007e5bd0:135
0x007e5bd0,0x00473da0,REGISTERED_CALLBACK,STRONG,UI,store 0x007e6570:L121 rec[+8]=arg2; call 0x007e5bd0:L135 (**(code**)(rec+8))(ev),reg 0x00472bf0->FUN_007e6570 arg2 -> scrman rec slot+8 -> invoked by scrman-loop 0x007e5bd0:135
0x007e5bd0,0x00474fb0,REGISTERED_CALLBACK,STRONG,UI,store 0x007e6570:L121 rec[+8]=arg2; call 0x007e5bd0:L135 (**(code**)(rec+8))(ev),reg 0x0046ad30->FUN_007e6570 arg2 -> scrman rec slot+8 -> invoked by scrman-loop 0x007e5bd0:135
0x007e5bd0,0x004757c0,REGISTERED_CALLBACK,STRONG,UI,store 0x007e6570:L121 rec[+8]=arg2; call 0x007e5bd0:L135 (**(code**)(rec+8))(ev),reg 0x0046ad30->FUN_007e6570 arg2 -> scrman rec slot+8 -> invoked by scrman-loop 0x007e5bd0:135
0x007e5bd0,0x00477590,REGISTERED_CALLBACK,STRONG,UI,store 0x007e6570:L121 rec[+8]=arg2; call 0x007e5bd0:L135 (**(code**)(rec+8))(ev),reg 0x00476df0->FUN_007e6570 arg2 -> scrman rec slot+8 -> invoked by scrman-loop 0x007e5bd0:135
0x007e5bd0,0x00477b60,REGISTERED_CALLBACK,STRONG,UI,store 0x007e6570:L121 rec[+8]=arg2; call 0x007e5bd0:L135 (**(code**)(rec+8))(ev),reg 0x004776a0->FUN_007e6570 arg2 -> scrman rec slot+8 -> invoked by scrman-loop 0x007e5bd0:135
0x007e5bd0,0x00478240,REGISTERED_CALLBACK,STRONG,UI,store 0x007e6570:L121 rec[+8]=arg2; call 0x007e5bd0:L135 (**(code**)(rec+8))(ev),reg 0x00477dd0->FUN_007e6570 arg2 -> scrman rec slot+8 -> invoked by scrman-loop 0x007e5bd0:135
0x007e5bd0,0x0047ea60,REGISTERED_CALLBACK,STRONG,UI,store 0x007e6570:L121 rec[+8]=arg2; call 0x007e5bd0:L135 (**(code**)(rec+8))(ev),reg 0x00478580->FUN_007e6570 arg2 -> scrman rec slot+8 -> invoked by scrman-loop 0x007e5bd0:135
0x007e5bd0,0x00485c20,REGISTERED_CALLBACK,STRONG,UI,store 0x007e6570:L121 rec[+8]=arg2; call 0x007e5bd0:L135 (**(code**)(rec+8))(ev),reg 0x00480130->FUN_007e6570 arg2 -> scrman rec slot+8 -> invoked by scrman-loop 0x007e5bd0:135
0x007e5bd0,0x00490c10,REGISTERED_CALLBACK,STRONG,UI,store 0x007e6570:L121 rec[+8]=arg2; call 0x007e5bd0:L135 (**(code**)(rec+8))(ev),reg 0x00490410->FUN_007e6570 arg2 -> scrman rec slot+8 -> invoked by scrman-loop 0x007e5bd0:135
0x007e5bd0,0x0049bf20,REGISTERED_CALLBACK,STRONG,UI,store 0x007e6570:L121 rec[+8]=arg2; call 0x007e5bd0:L135 (**(code**)(rec+8))(ev),reg 0x00493e10->FUN_007e6570 arg2 -> scrman rec slot+8 -> invoked by scrman-loop 0x007e5bd0:135
0x007e5bd0,0x004a1fd0,REGISTERED_CALLBACK,STRONG,UI,store 0x007e6570:L121 rec[+8]=arg2; call 0x007e5bd0:L135 (**(code**)(rec+8))(ev),reg 0x0049c9a0->FUN_007e6570 arg2 -> scrman rec slot+8 -> invoked by scrman-loop 0x007e5bd0:135
0x007e5bd0,0x004e2f80,REGISTERED_CALLBACK,STRONG,UI,store 0x007e6570:L121 rec[+8]=arg2; call 0x007e5bd0:L135 (**(code**)(rec+8))(ev),reg 0x004e2b80->FUN_007e6570 arg2 -> scrman rec slot+8 -> invoked by scrman-loop 0x007e5bd0:135
0x007e5bd0,0x004e42b0,REGISTERED_CALLBACK,STRONG,UI,store 0x007e6570:L121 rec[+8]=arg2; call 0x007e5bd0:L135 (**(code**)(rec+8))(ev),reg 0x004e3300->FUN_007e6570 arg2 -> scrman rec slot+8 -> invoked by scrman-loop 0x007e5bd0:135
0x007e5bd0,0x004e6680,REGISTERED_CALLBACK,STRONG,UI,store 0x007e6570:L121 rec[+8]=arg2; call 0x007e5bd0:L135 (**(code**)(rec+8))(ev),reg 0x004e4580->FUN_007e6570 arg2 -> scrman rec slot+8 -> invoked by scrman-loop 0x007e5bd0:135
0x007e5bd0,0x004eba20,REGISTERED_CALLBACK,STRONG,UI,store 0x007e6570:L121 rec[+8]=arg2; call 0x007e5bd0:L135 (**(code**)(rec+8))(ev),reg 0x004eb240->FUN_007e6570 arg2 -> scrman rec slot+8 -> invoked by scrman-loop 0x007e5bd0:135
0x007e5bd0,0x004ec240,REGISTERED_CALLBACK,STRONG,UI,store 0x007e6570:L121 rec[+8]=arg2; call 0x007e5bd0:L135 (**(code**)(rec+8))(ev),reg 0x004ebf60->FUN_007e6570 arg2 -> scrman rec slot+8 -> invoked by scrman-loop 0x007e5bd0:135
0x007e5bd0,0x004fd0d0,REGISTERED_CALLBACK,STRONG,UI,store 0x007e6570:L121 rec[+8]=arg2; call 0x007e5bd0:L135 (**(code**)(rec+8))(ev),reg 0x004ec550->FUN_007e6570 arg2 -> scrman rec slot+8 -> invoked by scrman-loop 0x007e5bd0:135
0x007e5bd0,0x004fda80,REGISTERED_CALLBACK,STRONG,UI,store 0x007e6570:L121 rec[+8]=arg2; call 0x007e5bd0:L135 (**(code**)(rec+8))(ev),reg 0x004fd1b0->FUN_007e6570 arg2 -> scrman rec slot+8 -> invoked by scrman-loop 0x007e5bd0:135
0x007e5bd0,0x005488f0,REGISTERED_CALLBACK,STRONG,UI,store 0x007e6570:L121 rec[+8]=arg2; call 0x007e5bd0:L135 (**(code**)(rec+8))(ev),reg 0x00548170->FUN_007e6570 arg2 -> scrman rec slot+8 -> invoked by scrman-loop 0x007e5bd0:135
0x007e5bd0,0x00579f70,REGISTERED_CALLBACK,STRONG,UI,store 0x007e6570:L121 rec[+8]=arg2; call 0x007e5bd0:L135 (**(code**)(rec+8))(ev),reg 0x005792a0->FUN_007e6570 arg2 -> scrman rec slot+8 -> invoked by scrman-loop 0x007e5bd0:135
0x007e5bd0,0x0057bff0,REGISTERED_CALLBACK,STRONG,UI,store 0x007e6570:L121 rec[+8]=arg2; call 0x007e5bd0:L135 (**(code**)(rec+8))(ev),reg 0x0057b9c0->FUN_007e6570 arg2 -> scrman rec slot+8 -> invoked by scrman-loop 0x007e5bd0:135
0x007e5bd0,0x0058c930,REGISTERED_CALLBACK,STRONG,UI,store 0x007e6570:L121 rec[+8]=arg2; call 0x007e5bd0:L135 (**(code**)(rec+8))(ev),reg 0x0058a550->FUN_007e6570 arg2 -> scrman rec slot+8 -> invoked by scrman-loop 0x007e5bd0:135
0x007e5bd0,0x0058eb30,REGISTERED_CALLBACK,STRONG,UI,store 0x007e6570:L121 rec[+8]=arg2; call 0x007e5bd0:L135 (**(code**)(rec+8))(ev),reg 0x0058cde0->FUN_007e6570 arg2 -> scrman rec slot+8 -> invoked by scrman-loop 0x007e5bd0:135
0x007e5bd0,0x00593050,REGISTERED_CALLBACK,STRONG,UI,store 0x007e6570:L121 rec[+8]=arg2; call 0x007e5bd0:L135 (**(code**)(rec+8))(ev),reg 0x005928e0->FUN_007e6570 arg2 -> scrman rec slot+8 -> invoked by scrman-loop 0x007e5bd0:135
0x007e5bd0,0x005db600,REGISTERED_CALLBACK,STRONG,UI,store 0x007e6570:L121 rec[+8]=arg2; call 0x007e5bd0:L135 (**(code**)(rec+8))(ev),reg 0x005dab70->FUN_007e6570 arg2 -> scrman rec slot+8 -> invoked by scrman-loop 0x007e5bd0:135
0x007e5bd0,0x005dcc50,REGISTERED_CALLBACK,STRONG,UI,store 0x007e6570:L121 rec[+8]=arg2; call 0x007e5bd0:L135 (**(code**)(rec+8))(ev),reg 0x005dc5e0->FUN_007e6570 arg2 -> scrman rec slot+8 -> invoked by scrman-loop 0x007e5bd0:135
0x007e5bd0,0x00695a30,REGISTERED_CALLBACK,STRONG,UI,store 0x007e6570:L121 rec[+8]=arg2; call 0x007e5bd0:L135 (**(code**)(rec+8))(ev),reg 0x00693410->FUN_007e6570 arg2 -> scrman rec slot+8 -> invoked by scrman-loop 0x007e5bd0:135
0x007e5bd0,0x00696d60,REGISTERED_CALLBACK,STRONG,UI,store 0x007e6570:L121 rec[+8]=arg2; call 0x007e5bd0:L135 (**(code**)(rec+8))(ev),reg 0x00695e60->FUN_007e6570 arg2 -> scrman rec slot+8 -> invoked by scrman-loop 0x007e5bd0:135
0x007e5bd0,0x006972b0,REGISTERED_CALLBACK,STRONG,UI,store 0x007e6570:L121 rec[+8]=arg2; call 0x007e5bd0:L135 (**(code**)(rec+8))(ev),reg 0x00696fa0->FUN_007e6570 arg2 -> scrman rec slot+8 -> invoked by scrman-loop 0x007e5bd0:135
0x007e5bd0,0x006976a0,REGISTERED_CALLBACK,STRONG,UI,store 0x007e6570:L121 rec[+8]=arg2; call 0x007e5bd0:L135 (**(code**)(rec+8))(ev),reg 0x00697390->FUN_007e6570 arg2 -> scrman rec slot+8 -> invoked by scrman-loop 0x007e5bd0:135
0x007e5bd0,0x00697b50,REGISTERED_CALLBACK,STRONG,UI,store 0x007e6570:L121 rec[+8]=arg2; call 0x007e5bd0:L135 (**(code**)(rec+8))(ev),reg 0x006977b0->FUN_007e6570 arg2 -> scrman rec slot+8 -> invoked by scrman-loop 0x007e5bd0:135
0x007e5bd0,0x00698020,REGISTERED_CALLBACK,STRONG,UI,store 0x007e6570:L121 rec[+8]=arg2; call 0x007e5bd0:L135 (**(code**)(rec+8))(ev),reg 0x00697c30->FUN_007e6570 arg2 -> scrman rec slot+8 -> invoked by scrman-loop 0x007e5bd0:135
0x007e5bd0,0x00698480,REGISTERED_CALLBACK,STRONG,UI,store 0x007e6570:L121 rec[+8]=arg2; call 0x007e5bd0:L135 (**(code**)(rec+8))(ev),reg 0x00698140->FUN_007e6570 arg2 -> scrman rec slot+8 -> invoked by scrman-loop 0x007e5bd0:135
0x007e5bd0,0x00698e70,REGISTERED_CALLBACK,STRONG,UI,store 0x007e6570:L121 rec[+8]=arg2; call 0x007e5bd0:L135 (**(code**)(rec+8))(ev),reg 0x006986a0->FUN_007e6570 arg2 -> scrman rec slot+8 -> invoked by scrman-loop 0x007e5bd0:135
0x007e5bd0,0x00701c20,REGISTERED_CALLBACK,STRONG,UI,store 0x007e6570:L121 rec[+8]=arg2; call 0x007e5bd0:L135 (**(code**)(rec+8))(ev),reg 0x00701240->FUN_007e6570 arg2 -> scrman rec slot+8 -> invoked by scrman-loop 0x007e5bd0:135
0x007e5bd0,0x0070f280,REGISTERED_CALLBACK,STRONG,UI,store 0x007e6570:L121 rec[+8]=arg2; call 0x007e5bd0:L135 (**(code**)(rec+8))(ev),reg 0x0070d350->FUN_007e6570 arg2 -> scrman rec slot+8 -> invoked by scrman-loop 0x007e5bd0:135
0x007e5bd0,0x0072a760,REGISTERED_CALLBACK,STRONG,UI,store 0x007e6570:L121 rec[+8]=arg2; call 0x007e5bd0:L135 (**(code**)(rec+8))(ev),reg 0x007297b0->FUN_007e6570 arg2 -> scrman rec slot+8 -> invoked by scrman-loop 0x007e5bd0:135
0x007e5bd0,0x0074d400,REGISTERED_CALLBACK,STRONG,UI,store 0x007e6570:L121 rec[+8]=arg2; call 0x007e5bd0:L135 (**(code**)(rec+8))(ev),reg 0x007491e0->FUN_007e6570 arg2 -> scrman rec slot+8 -> invoked by scrman-loop 0x007e5bd0:135
0x007e5bd0,0x00761370,REGISTERED_CALLBACK,STRONG,UI,store 0x007e6570:L121 rec[+8]=arg2; call 0x007e5bd0:L135 (**(code**)(rec+8))(ev),reg 0x00760b60->FUN_007e6570 arg2 -> scrman rec slot+8 -> invoked by scrman-loop 0x007e5bd0:135
0x007e5bd0,0x00761c50,REGISTERED_CALLBACK,STRONG,UI,store 0x007e6570:L121 rec[+8]=arg2; call 0x007e5bd0:L135 (**(code**)(rec+8))(ev),reg 0x00761620->FUN_007e6570 arg2 -> scrman rec slot+8 -> invoked by scrman-loop 0x007e5bd0:135
0x007e5bd0,0x00763ae0,REGISTERED_CALLBACK,STRONG,UI,store 0x007e6570:L121 rec[+8]=arg2; call 0x007e5bd0:L135 (**(code**)(rec+8))(ev),reg 0x00763660->FUN_007e6570 arg2 -> scrman rec slot+8 -> invoked by scrman-loop 0x007e5bd0:135
0x007e5bd0,0x00771c80,REGISTERED_CALLBACK,STRONG,UI,store 0x007e6570:L121 rec[+8]=arg2; call 0x007e5bd0:L135 (**(code**)(rec+8))(ev),reg 0x00771810->FUN_007e6570 arg2 -> scrman rec slot+8 -> invoked by scrman-loop 0x007e5bd0:135
0x007e5bd0,0x0077ecb0,REGISTERED_CALLBACK,STRONG,UI,store 0x007e6570:L121 rec[+8]=arg2; call 0x007e5bd0:L135 (**(code**)(rec+8))(ev),reg 0x0077e1d0->FUN_007e6570 arg2 -> scrman rec slot+8 -> invoked by scrman-loop 0x007e5bd0:135
0x007e5bd0,0x0078b310,REGISTERED_CALLBACK,STRONG,UI,store 0x007e6570:L121 rec[+8]=arg2; call 0x007e5bd0:L135 (**(code**)(rec+8))(ev),reg 0x0078ad80->FUN_007e6570 arg2 -> scrman rec slot+8 -> invoked by scrman-loop 0x007e5bd0:135
0x007e5bd0,0x007f67b0,REGISTERED_CALLBACK,STRONG,UI,store 0x007e6570:L121 rec[+8]=arg2; call 0x007e5bd0:L135 (**(code**)(rec+8))(ev),reg 0x007f0020->FUN_007e6570 arg2 -> scrman rec slot+8 -> invoked by scrman-loop 0x007e5bd0:135
0x007e5bd0,0x00806640,REGISTERED_CALLBACK,STRONG,UI,store 0x007e6570:L121 rec[+8]=arg2; call 0x007e5bd0:L135 (**(code**)(rec+8))(ev),reg 0x008053d0->FUN_007e6570 arg2 -> scrman rec slot+8 -> invoked by scrman-loop 0x007e5bd0:135
0x007e5bd0,0x008096e0,REGISTERED_CALLBACK,STRONG,UI,store 0x007e6570:L121 rec[+8]=arg2; call 0x007e5bd0:L135 (**(code**)(rec+8))(ev),reg 0x00808a70->FUN_007e6570 arg2 -> scrman rec slot+8 -> invoked by scrman-loop 0x007e5bd0:135
0x007e5bd0,0x0080a450,REGISTERED_CALLBACK,STRONG,UI,store 0x007e6570:L121 rec[+8]=arg2; call 0x007e5bd0:L135 (**(code**)(rec+8))(ev),reg 0x00809ad0->FUN_007e6570 arg2 -> scrman rec slot+8 -> invoked by scrman-loop 0x007e5bd0:135
0x007e5bd0,0x0080be70,REGISTERED_CALLBACK,STRONG,UI,store 0x007e6570:L121 rec[+8]=arg2; call 0x007e5bd0:L135 (**(code**)(rec+8))(ev),reg 0x0080bbd0->FUN_007e6570 arg2 -> scrman rec slot+8 -> invoked by scrman-loop 0x007e5bd0:135
0x007e5bd0,0x008105f0,REGISTERED_CALLBACK,STRONG,UI,store 0x007e6570:L121 rec[+8]=arg2; call 0x007e5bd0:L135 (**(code**)(rec+8))(ev),reg 0x0080fac0->FUN_007e6570 arg2 -> scrman rec slot+8 -> invoked by scrman-loop 0x007e5bd0:135
0x007e5bd0,0x00810be0,REGISTERED_CALLBACK,STRONG,UI,store 0x007e6570:L121 rec[+8]=arg2; call 0x007e5bd0:L135 (**(code**)(rec+8))(ev),reg 0x008109c0->FUN_007e6570 arg2 -> scrman rec slot+8 -> invoked by scrman-loop 0x007e5bd0:135
0x007e5bd0,0x00810e90,REGISTERED_CALLBACK,STRONG,UI,store 0x007e6570:L121 rec[+8]=arg2; call 0x007e5bd0:L135 (**(code**)(rec+8))(ev),reg 0x008053d0->FUN_007e6570 arg2 -> scrman rec slot+8 -> invoked by scrman-loop 0x007e5bd0:135
0x007e5bd0,0x00873040,REGISTERED_CALLBACK,STRONG,UI,store 0x007e6570:L121 rec[+8]=arg2; call 0x007e5bd0:L135 (**(code**)(rec+8))(ev),reg 0x00859250->FUN_007e6570 arg2 -> scrman rec slot+8 -> invoked by scrman-loop 0x007e5bd0:135
0x007e5bd0,0x00874a10,REGISTERED_CALLBACK,STRONG,UI,store 0x007e6570:L121 rec[+8]=arg2; call 0x007e5bd0:L135 (**(code**)(rec+8))(ev),reg 0x00859600->FUN_007e6570 arg2 -> scrman rec slot+8 -> invoked by scrman-loop 0x007e5bd0:135
0x007e5bd0,0x00877090,REGISTERED_CALLBACK,STRONG,UI,store 0x007e6570:L121 rec[+8]=arg2; call 0x007e5bd0:L135 (**(code**)(rec+8))(ev),reg 0x00873040->FUN_007e6570 arg2 -> scrman rec slot+8 -> invoked by scrman-loop 0x007e5bd0:135
0x007e5bd0,0x008773e0,REGISTERED_CALLBACK,STRONG,UI,store 0x007e6570:L121 rec[+8]=arg2; call 0x007e5bd0:L135 (**(code**)(rec+8))(ev),reg 0x00873040->FUN_007e6570 arg2 -> scrman rec slot+8 -> invoked by scrman-loop 0x007e5bd0:135
0x007e5bd0,0x0088a850,REGISTERED_CALLBACK,STRONG,UI,store 0x007e6570:L121 rec[+8]=arg2; call 0x007e5bd0:L135 (**(code**)(rec+8))(ev),reg 0x00884700->FUN_007e6570 arg2 -> scrman rec slot+8 -> invoked by scrman-loop 0x007e5bd0:135
0x007e5bd0,0x00890360,REGISTERED_CALLBACK,STRONG,UI,store 0x007e6570:L121 rec[+8]=arg2; call 0x007e5bd0:L135 (**(code**)(rec+8))(ev),reg 0x0088a850->FUN_007e6570 arg2 -> scrman rec slot+8 -> invoked by scrman-loop 0x007e5bd0:135
0x007e5bd0,0x00893500,REGISTERED_CALLBACK,STRONG,UI,store 0x007e6570:L121 rec[+8]=arg2; call 0x007e5bd0:L135 (**(code**)(rec+8))(ev),reg 0x0088a850->FUN_007e6570 arg2 -> scrman rec slot+8 -> invoked by scrman-loop 0x007e5bd0:135
0x007e5bd0,0x008a5030,REGISTERED_CALLBACK,STRONG,UI,store 0x007e6570:L121 rec[+8]=arg2; call 0x007e5bd0:L135 (**(code**)(rec+8))(ev),reg 0x008a20a0->FUN_007e6570 arg2 -> scrman rec slot+8 -> invoked by scrman-loop 0x007e5bd0:135
0x007e5bd0,0x008da210,REGISTERED_CALLBACK,STRONG,UI,store 0x007e6570:L121 rec[+8]=arg2; call 0x007e5bd0:L135 (**(code**)(rec+8))(ev),reg 0x008d6310->FUN_007e6570 arg2 -> scrman rec slot+8 -> invoked by scrman-loop 0x007e5bd0:135
0x007e5bd0,0x008dd8e0,REGISTERED_CALLBACK,STRONG,UI,store 0x007e6570:L121 rec[+8]=arg2; call 0x007e5bd0:L135 (**(code**)(rec+8))(ev),reg 0x008da210->FUN_007e6570 arg2 -> scrman rec slot+8 -> invoked by scrman-loop 0x007e5bd0:135
0x007e5bd0,0x008de790,REGISTERED_CALLBACK,STRONG,UI,store 0x007e6570:L121 rec[+8]=arg2; call 0x007e5bd0:L135 (**(code**)(rec+8))(ev),reg 0x008da210->FUN_007e6570 arg2 -> scrman rec slot+8 -> invoked by scrman-loop 0x007e5bd0:135
0x007e5bd0,0x008df880,REGISTERED_CALLBACK,STRONG,UI,store 0x007e6570:L121 rec[+8]=arg2; call 0x007e5bd0:L135 (**(code**)(rec+8))(ev),reg 0x008da210->FUN_007e6570 arg2 -> scrman rec slot+8 -> invoked by scrman-loop 0x007e5bd0:135
0x007e5bd0,0x008e0560,REGISTERED_CALLBACK,STRONG,UI,store 0x007e6570:L121 rec[+8]=arg2; call 0x007e5bd0:L135 (**(code**)(rec+8))(ev),reg 0x008dfc20->FUN_007e6570 arg2 -> scrman rec slot+8 -> invoked by scrman-loop 0x007e5bd0:135
0x007e5bd0,0x008e0af0,REGISTERED_CALLBACK,STRONG,UI,store 0x007e6570:L121 rec[+8]=arg2; call 0x007e5bd0:L135 (**(code**)(rec+8))(ev),reg 0x008da210->FUN_007e6570 arg2 -> scrman rec slot+8 -> invoked by scrman-loop 0x007e5bd0:135
0x007e5bd0,0x008e0f30,REGISTERED_CALLBACK,STRONG,UI,store 0x007e6570:L121 rec[+8]=arg2; call 0x007e5bd0:L135 (**(code**)(rec+8))(ev),reg 0x008e0b60->FUN_007e6570 arg2 -> scrman rec slot+8 -> invoked by scrman-loop 0x007e5bd0:135
0x007e5bd0,0x008e21b0,REGISTERED_CALLBACK,STRONG,UI,store 0x007e6570:L121 rec[+8]=arg2; call 0x007e5bd0:L135 (**(code**)(rec+8))(ev),reg 0x008e10c0->FUN_007e6570 arg2 -> scrman rec slot+8 -> invoked by scrman-loop 0x007e5bd0:135
0x007e5bd0,0x008e2ae0,REGISTERED_CALLBACK,STRONG,UI,store 0x007e6570:L121 rec[+8]=arg2; call 0x007e5bd0:L135 (**(code**)(rec+8))(ev),reg 0x008e26f0->FUN_007e6570 arg2 -> scrman rec slot+8 -> invoked by scrman-loop 0x007e5bd0:135
0x007e5bd0,0x008e2f60,REGISTERED_CALLBACK,STRONG,UI,store 0x007e6570:L121 rec[+8]=arg2; call 0x007e5bd0:L135 (**(code**)(rec+8))(ev),reg 0x008e26a0->FUN_007e6570 arg2 -> scrman rec slot+8 -> invoked by scrman-loop 0x007e5bd0:135
0x007e5bd0,0x008e3630,REGISTERED_CALLBACK,STRONG,UI,store 0x007e6570:L121 rec[+8]=arg2; call 0x007e5bd0:L135 (**(code**)(rec+8))(ev),reg 0x008e3320->FUN_007e6570 arg2 -> scrman rec slot+8 -> invoked by scrman-loop 0x007e5bd0:135
0x007e5bd0,0x008e48b0,REGISTERED_CALLBACK,STRONG,UI,store 0x007e6570:L121 rec[+8]=arg2; call 0x007e5bd0:L135 (**(code**)(rec+8))(ev),reg 0x008e3700->FUN_007e6570 arg2 -> scrman rec slot+8 -> invoked by scrman-loop 0x007e5bd0:135
0x007e5bd0,0x008e61e0,REGISTERED_CALLBACK,STRONG,UI,store 0x007e6570:L121 rec[+8]=arg2; call 0x007e5bd0:L135 (**(code**)(rec+8))(ev),reg 0x008e50e0->FUN_007e6570 arg2 -> scrman rec slot+8 -> invoked by scrman-loop 0x007e5bd0:135
0x007e5bd0,0x008e7090,REGISTERED_CALLBACK,STRONG,UI,store 0x007e6570:L121 rec[+8]=arg2; call 0x007e5bd0:L135 (**(code**)(rec+8))(ev),reg 0x008e6cc0->FUN_007e6570 arg2 -> scrman rec slot+8 -> invoked by scrman-loop 0x007e5bd0:135
0x007e5bd0,0x008e77f0,REGISTERED_CALLBACK,STRONG,UI,store 0x007e6570:L121 rec[+8]=arg2; call 0x007e5bd0:L135 (**(code**)(rec+8))(ev),reg 0x008e7270->FUN_007e6570 arg2 -> scrman rec slot+8 -> invoked by scrman-loop 0x007e5bd0:135
0x007e5bd0,0x008e7ee0,REGISTERED_CALLBACK,STRONG,UI,store 0x007e6570:L121 rec[+8]=arg2; call 0x007e5bd0:L135 (**(code**)(rec+8))(ev),reg 0x008e78d0->FUN_007e6570 arg2 -> scrman rec slot+8 -> invoked by scrman-loop 0x007e5bd0:135
0x007e5bd0,0x008e9e60,REGISTERED_CALLBACK,STRONG,UI,store 0x007e6570:L121 rec[+8]=arg2; call 0x007e5bd0:L135 (**(code**)(rec+8))(ev),reg 0x008dfdf0->FUN_007e6570 arg2 -> scrman rec slot+8 -> invoked by scrman-loop 0x007e5bd0:135
0x007e5bd0,0x008eac10,REGISTERED_CALLBACK,STRONG,UI,store 0x007e6570:L121 rec[+8]=arg2; call 0x007e5bd0:L135 (**(code**)(rec+8))(ev),reg 0x008ea760->FUN_007e6570 arg2 -> scrman rec slot+8 -> invoked by scrman-loop 0x007e5bd0:135
0x007e5bd0,0x008eb3c0,REGISTERED_CALLBACK,STRONG,UI,store 0x007e6570:L121 rec[+8]=arg2; call 0x007e5bd0:L135 (**(code**)(rec+8))(ev),reg 0x008eaef0->FUN_007e6570 arg2 -> scrman rec slot+8 -> invoked by scrman-loop 0x007e5bd0:135
0x007e6570,0x0046b9b0,REGISTERED_CALLBACK,STRONG,UI,store 0x007e6570:L119 rec[+4]=arg4; call 0x007e6570:L110 & 0x007e7820:L55 (*(code*)(rec+4))(),reg 0x00454620->FUN_007e6570 arg4 -> scrman rec slot+4 -> invoked on screen-leave 0x007e6570:110
0x007e6570,0x00470aa0,REGISTERED_CALLBACK,STRONG,UI,store 0x007e6570:L119 rec[+4]=arg4; call 0x007e6570:L110 & 0x007e7820:L55 (*(code*)(rec+4))(),reg 0x0046ba80->FUN_007e6570 arg4 -> scrman rec slot+4 -> invoked on screen-leave 0x007e6570:110
0x007e6570,0x004746b0,REGISTERED_CALLBACK,STRONG,UI,store 0x007e6570:L119 rec[+4]=arg4; call 0x007e6570:L110 & 0x007e7820:L55 (*(code*)(rec+4))(),reg 0x00472bf0->FUN_007e6570 arg4 -> scrman rec slot+4 -> invoked on screen-leave 0x007e6570:110
0x007e6570,0x004800f0,REGISTERED_CALLBACK,STRONG,UI,store 0x007e6570:L119 rec[+4]=arg4; call 0x007e6570:L110 & 0x007e7820:L55 (*(code*)(rec+4))(),reg 0x00478580->FUN_007e6570 arg4 -> scrman rec slot+4 -> invoked on screen-leave 0x007e6570:110
0x007e6570,0x0049df30,REGISTERED_CALLBACK,STRONG,UI,store 0x007e6570:L119 rec[+4]=arg4; call 0x007e6570:L110 & 0x007e7820:L55 (*(code*)(rec+4))(),reg 0x00493e10->FUN_007e6570 arg4 -> scrman rec slot+4 -> invoked on screen-leave 0x007e6570:110
0x007e6570,0x004a17a0,REGISTERED_CALLBACK,STRONG,UI,store 0x007e6570:L119 rec[+4]=arg4; call 0x007e6570:L110 & 0x007e7820:L55 (*(code*)(rec+4))(),reg 0x0049e0d0->FUN_007e6570 arg4 -> scrman rec slot+4 -> invoked on screen-leave 0x007e6570:110
0x007e6570,0x004e6b40,REGISTERED_CALLBACK,STRONG,UI,store 0x007e6570:L119 rec[+4]=arg4; call 0x007e6570:L110 & 0x007e7820:L55 (*(code*)(rec+4))(),reg 0x004e4580->FUN_007e6570 arg4 -> scrman rec slot+4 -> invoked on screen-leave 0x007e6570:110
0x007e6570,0x0058f420,REGISTERED_CALLBACK,STRONG,UI,store 0x007e6570:L119 rec[+4]=arg4; call 0x007e6570:L110 & 0x007e7820:L55 (*(code*)(rec+4))(),reg 0x0058cde0->FUN_007e6570 arg4 -> scrman rec slot+4 -> invoked on screen-leave 0x007e6570:110
0x007e6570,0x005db7c0,REGISTERED_CALLBACK,STRONG,UI,store 0x007e6570:L119 rec[+4]=arg4; call 0x007e6570:L110 & 0x007e7820:L55 (*(code*)(rec+4))(),reg 0x005dab70->FUN_007e6570 arg4 -> scrman rec slot+4 -> invoked on screen-leave 0x007e6570:110
0x007e6570,0x005dce60,REGISTERED_CALLBACK,STRONG,UI,store 0x007e6570:L119 rec[+4]=arg4; call 0x007e6570:L110 & 0x007e7820:L55 (*(code*)(rec+4))(),reg 0x005dc5e0->FUN_007e6570 arg4 -> scrman rec slot+4 -> invoked on screen-leave 0x007e6570:110
0x007e6570,0x0061d290,REGISTERED_CALLBACK,STRONG,UI,store 0x007e6570:L119 rec[+4]=arg4; call 0x007e6570:L110 & 0x007e7820:L55 (*(code*)(rec+4))(),reg 0x00425e70->FUN_007e6570 arg4 -> scrman rec slot+4 -> invoked on screen-leave 0x007e6570:110
0x007e6570,0x00695e20,REGISTERED_CALLBACK,STRONG,UI,store 0x007e6570:L119 rec[+4]=arg4; call 0x007e6570:L110 & 0x007e7820:L55 (*(code*)(rec+4))(),reg 0x00693410->FUN_007e6570 arg4 -> scrman rec slot+4 -> invoked on screen-leave 0x007e6570:110
0x007e6570,0x00696f50,REGISTERED_CALLBACK,STRONG,UI,store 0x007e6570:L119 rec[+4]=arg4; call 0x007e6570:L110 & 0x007e7820:L55 (*(code*)(rec+4))(),reg 0x00695e60->FUN_007e6570 arg4 -> scrman rec slot+4 -> invoked on screen-leave 0x007e6570:110
0x007e6570,0x00701fd0,REGISTERED_CALLBACK,STRONG,UI,store 0x007e6570:L119 rec[+4]=arg4; call 0x007e6570:L110 & 0x007e7820:L55 (*(code*)(rec+4))(),reg 0x00701240->FUN_007e6570 arg4 -> scrman rec slot+4 -> invoked on screen-leave 0x007e6570:110
0x007e6570,0x00876680,REGISTERED_CALLBACK,STRONG,UI,store 0x007e6570:L119 rec[+4]=arg4; call 0x007e6570:L110 & 0x007e7820:L55 (*(code*)(rec+4))(),reg 0x00859250->FUN_007e6570 arg4 -> scrman rec slot+4 -> invoked on screen-leave 0x007e6570:110
0x007e6570,0x0088dda0,REGISTERED_CALLBACK,STRONG,UI,store 0x007e6570:L119 rec[+4]=arg4; call 0x007e6570:L110 & 0x007e7820:L55 (*(code*)(rec+4))(),reg 0x00884700->FUN_007e6570 arg4 -> scrman rec slot+4 -> invoked on screen-leave 0x007e6570:110
0x007e6570,0x008e5000,REGISTERED_CALLBACK,STRONG,UI,store 0x007e6570:L119 rec[+4]=arg4; call 0x007e6570:L110 & 0x007e7820:L55 (*(code*)(rec+4))(),reg 0x008e3700->FUN_007e6570 arg4 -> scrman rec slot+4 -> invoked on screen-leave 0x007e6570:110
